salary_currency,rate
EUR,0.8768303834254005
USD,1.0
GBP,0.7796448488406222
HUF,307.8214635511403
INR,74.10884118475335
JPY,106.7427858667754
CNY,6.900371558468533
MXN,21.485482378920356
CAD,1.3406886186637519
DKK,6.5365173435593515
PLN,3.8629020929905886
SGD,1.343875288373239
CLP,759.2786852490134
BRL,5.394930625532904
TRY,8.92340741964802
AUD,1.3840434658278524
CHF,0.939957170647181
